# case	version	url	sha256	git_commit	srpm_member	member_sha256
upstream-2.2	2.2	https://archive.org/download/suse64/SU6400.006.iso/suse%2Fzq2%2Fsysstat.spm	dcce05c498cd5ab0d9b314eb4433b1875227a9f34a82d6e4360784501b502785	-	sysstat-2.2.tar.gz	a481b2a24f705d894fa75681edb378b2fdb3426215571f91a4f964a7431f9171
upstream-3.2.4	3.2.4	https://ftp.kh.edu.tw/Linux/Redhat/en_7.0/SRPMS/sysstat-3.2.4-3.src.rpm	527c28692ad5897b5766c9dfbfb5dcec8e4b00bf80c456a9969e7cc7b11efacd	-	sysstat-3.2.4.tar.gz	c8c4857b8cd909e139ddb194780274355a5c32dc710f5432f3e3b56b335d94eb
upstream-3.3.2	3.3.2	https://archive.org/download/SuSE_Linux_7.1/SU7100.006.ISO/suse%2Fzq2%2Fsysstat.spm	63f1317004e738370ee0a69e2942f24b9af27af9e19e160aeee08140c470a5bc	-	sysstat-3.3.2.tar.bz2	17ef96f0848d91ca6068fab82ea859792cbd6a6d5660350d077d9c11dee000ac
upstream-3.3.5	3.3.5	https://ftp.icm.edu.pl/pub/Linux/distributions/redhat/linux/7.1/en/os/i386/SRPMS/sysstat-3.3.5-3.src.rpm	04ec7d86f54cbbef6c28e6f66a9db818e2da5ac4185300fea5d404c46866de75	-	sysstat-3.3.5.tar.gz	cb0cfa79ca127042cc5856bb403ccf9c40d7deb41ae802249825b502a81465e0
upstream-4.0.4	4.0.4	https://snapshot.debian.org/file/3c8b57c19909728e902c4438e2f768344084dc60	c74c47ab5c5ff384fd71007070ebdf8e69fb91e7c24cb63dd8f2e0b59ed3c966	-	-	-
upstream-4.1.1	4.1.1	https://web.archive.org/web/20040208074118id_/http://perso.wanadoo.fr:80/sebastien.godard/sysstat-4.1.1.tar.bz2	69117e08113e9e307572e6fec80dd94e7218ddb717ed4f9568935ffd91735b32	-	-	-
upstream-4.1.3	4.1.3	https://distfiles.pld-linux.org/distfiles/by-md5/c/e/ce24f45bc5bc8af94ed3c28636ebf4a3/sysstat-4.1.3.tar.bz2	03f98b53d7140124e57290ed52f7977ec1e2c37d5590558651f545762853b4ba	-	-	-
upstream-4.1.4	4.1.4	https://web.archive.org/web/20040208074125id_/http://perso.wanadoo.fr:80/sebastien.godard/sysstat-4.1.4.tar.bz2	c12f85f7c2674a7e606e24d4ddb8b45cf411daf8895a96249e9e815edb74eca8	-	-	-
upstream-4.1.5	4.1.5	https://distfiles.pld-linux.org/distfiles/by-md5/b/5/b5d2a8eff21a991b3fe6192f4d941924/sysstat-4.1.5.tar.bz2	1329b7490a6234d920d49c6688765c06b33031b93521a3a8772bd3cea4269e65	-	-	-
upstream-4.1.6	4.1.6	https://distfiles.pld-linux.org/distfiles/by-md5/8/f/8ffdb7abc6049f43c4f7b6a4fe06fe27/sysstat-4.1.6.tar.bz2	e56502e9f15ff7e1ee311b3b4f14e99613629dab081bf7734b890e7d7122a5bc	-	-	-
upstream-5.0.5	5.0.5	https://vault.centos.org/3.9/os/SRPMS/sysstat-5.0.5-11.rhel3.src.rpm	226e0f2aa5607b0df9a9b04819f4282318c4b51a216edab3e2606185c94f9daa	-	sysstat-5.0.5.tar.bz2	2f062cfa87723e12e17ea2b0e5cd73645fd78093badbcd1f43a05b431c933302
upstream-5.0.6	5.0.6	https://snapshot.debian.org/file/aacaadf078af8a57a48e01b9a8bc030c28f59ef6	63aa517f1ea42b3c2c18bc7b549aa89c8283c8cc1c18d05506d3188aed3965ed	-	-	-
upstream-5.1.2	5.1.2	https://distfiles.pld-linux.org/distfiles/by-md5/9/0/9043be730f534f0f8a07f1252f663022/sysstat-5.1.2.tar.bz2	1b8e8f3bbc46753a72bb71215f5e658111b26e2e50b161adf331f587fdf16900	-	-	-
upstream-5.1.3	5.1.3	https://snapshot.debian.org/file/4168e1bccf61b25d11d4c7a3cfd8f78392601850	3b319a49c8264fab6987fe01a2d7c4dce256bed865d9e1911489bac51bd76682	-	-	-
upstream-5.1.4	5.1.4	https://snapshot.debian.org/file/30a44371a50bba70c18621c47edf9a38bb8b6fc6	ae17830947b44293d35d2a322582d03b788d29fecbad0b0421a534e30ac6d608	-	-	-
upstream-5.1.5	5.1.5	https://snapshot.debian.org/file/44691918b30498fc5033e198a692ea4f5621704a	418435c5ad1488260747135ca809dfd77486741af92085cf5c5fa193e5a3f2f6	-	-	-
upstream-6.0.0	6.0.0	https://snapshot.debian.org/file/8d68ed2b2517c5c47a98e59371dbaf1149f85e31	e97551867341780670da6752c4e486489aeaa0fb237a8a20147046bf9fded2f9	-	-	-
upstream-6.0.1	6.0.1	https://snapshot.debian.org/file/fb0b273300afc6e3696599a983ae2ff50e003132	f1b629074dc03bad81537336a14334fca5fd37ec70e704db157d088c1617ba22	-	-	-
upstream-6.0.2	6.0.2	https://snapshot.debian.org/file/8faa93187b3b58d7d9f45d66daeee9f1b46bf9be	9194f26ca15f62275039199ec4d819f8447f90bac286a6396d4d526a51815129	-	-	-
upstream-6.1.1	6.1.1	https://snapshot.debian.org/file/9b61a1a93d2ea0c7a1386fad93ee3e5add26150e	c413b7de6cbabd47b2d99c3814c2695fae1851ab838a6153127d21c47fdcaac3	-	-	-
upstream-6.1.2	6.1.2	https://snapshot.debian.org/file/125b0321a99a5a076bcfc72a691e1f86712da16c	b7d26bda4653a2025280236f7f39958f9dba833caec1c3a6f64ba33235cb429c	-	-	-
upstream-6.1.3	6.1.3	https://snapshot.debian.org/file/117849a42d3887a58426969ed7277f80071602ee	d2500bfd001df4a365ba66862e84b2ee53bbab0ca9590e83351003485f778506	-	-	-
upstream-7.0.0	7.0.0	https://snapshot.debian.org/file/48af90327d2c7908cf660b5b406d10000272c987	bfe63f51288012613ead3f1efdb57d82f1e3fedecf9e583ea7d3b9d2ae2252ff	-	-	-
upstream-7.0.2	7.0.2	https://vault.centos.org/5.11/os/SRPMS/sysstat-7.0.2-13.el5.src.rpm	f95b5c6b9b7e710c0285266b3b1df93c9463e6fbc50692bc7d9d37059b39e0cb	-	sysstat-7.0.2.tar.bz2	031b56a53dacc06341db9983ed8398a1c7865410289f23bd8a747f693def4f17
upstream-7.0.3	7.0.3	https://snapshot.debian.org/file/112422107eb4dcc6588e5e13ef8770204d420957	38c3dac002c31feac13fa19121b92b0e9893c4f5a9ce83cc819f3d0d8ed2a0c0	-	-	-
upstream-7.0.4	7.0.4	https://snapshot.debian.org/file/9609a4e9320f1963beddf23fdeb293a29d48d743	b42e0d5fac381c24d0484708b0f992b39e267b4fcde2889b7c0c5f991bad604f	-	-	-
upstream-7.1.2	7.1.2	https://snapshot.debian.org/file/6952ff9512e8f1af4e1f4dbdfd9829603ce5e1fc	9900c4465df9708946bdb0628fcecc85ab6da31d181119ed48366e8e05259da5	-	-	-
upstream-7.1.3	7.1.3	https://snapshot.debian.org/file/92f369c905c83c9e130d783cc249dd477ce9fc53	0874d29f2125c3448c09241ba826b23971ff1047c37305583c22424b8ecb3d57	-	-	-
upstream-7.1.4	7.1.4	https://snapshot.debian.org/file/47cdfbea01aba5c26f8e5c8849c7b4aa670b9b2e	38fd6a406c1884a8c02d5e4cd9cfd1c8e031e3107007a234ee0a14dd2059a1aa	-	-	-
upstream-7.1.5	7.1.5	https://snapshot.debian.org/file/d806301e9960577634a747fd0824a980f5cb66c3	d94c43124e549816de2506ee3197770bdcd37496ff40f88dbd09bd2c138641f2	-	-	-
upstream-7.1.6	7.1.6	https://snapshot.debian.org/file/01b52fa7c026ef449bbb769460c7799aa04b61f5	5799e36243d34caf14dcc61c6aaec4e41b90c50fd3953be519d6daeee8b54ff6	-	-	-
upstream-8.0.0	8.0.0	https://snapshot.debian.org/file/01e3b9daa0a9d5a0c6c3c6c5d0ad9e2436e43c55	6913d45f529ccfaaff34292913ff50184e21772dd9b10e59b05728ac82a5968b	-	-	-
upstream-8.0.1	8.0.1	https://snapshot.debian.org/file/b0c9815b6f80e990760543122fd8cd0901785574	117a4386ce9d3629d8a532abb2b014b64c80ce33525929cd72a7a4bc1b86be18	-	-	-
upstream-8.0.2	8.0.2	https://snapshot.debian.org/file/e5a876fadbc08958b0842c2c8aea23a9cb0a9184	2f1cbe8c433bde715e3d28b173c491370eb9d0b3185c6c403e944c7a6ef0dd5d	-	-	-
upstream-8.0.3	8.0.3	https://snapshot.debian.org/file/fd2ac15ce5a61e4d744e88ef449c9b928bd07df4	9470d1ec3d958cacb08657d3eb8c0c6c7b22b92fbfcface822afa282510aab4d	-	-	-
upstream-8.0.4	8.0.4	https://snapshot.debian.org/file/95c71f51685cac8a6e8c847498daddf65a10cd1e	223158b841aa7d5b6aaf36d6f4ac9ec23c4b3db17192756bb9a694582362102a	-	-	-
upstream-8.1.1	8.1.1	https://snapshot.debian.org/file/02d878fd0d74b3075e97d53bdb9e8a19ad884654	1f2b5dc890f4f63fe2dc09eef0ef545da72b5e8405844e7ea00d67b29149b7bc	-	-	-
upstream-8.1.2	8.1.2	https://snapshot.debian.org/file/de1633da0a074abbe5b14379b81888efcd8c258a	86ecb0253550c20244fb5554fe9ee32a32cad8b13ba0237e350861e20b0c054d	-	-	-
upstream-8.1.6	8.1.6	https://snapshot.debian.org/file/73ebe171822d1ea26320c6302d1c212bd5c46192	0a63da1c99b6a9b6a93b6fd0a9391c7d8216f658d2bea0ba81999e261c6b6649	-	-	-
upstream-8.1.7	8.1.7	https://snapshot.debian.org/file/a66c7ea6697e00a96d86d3de431a781a4b5f8a95	4fc925050ff6723d10e8e6a5dc5e2cf0dac7b1f02c91c64ee9a845f0fbf33b47	-	-	-
upstream-8.1.8	8.1.8	https://snapshot.debian.org/file/99144ae885c1ded7cc6ec34e2128fd1090ffe5c4	ad06c741f64d75117fa92ce74555afdd08b732f0af2bad72e323e49abcb52918	-	-	-
upstream-9.0.0	9.0.0	https://snapshot.debian.org/file/7574ec44e6670e6be5e0c16850ab83e7363769b3	b294ce5c3544904e2607a263ca903393eda6d4c891ea1e60a29dc42848a5064b	-	-	-
upstream-9.0.1	9.0.1	https://snapshot.debian.org/file/a63715e35b6b2ef6974a68d7adbf9d3028d0cac5	f952eb8e3e794e79fcb69aff24e1e1cd408756346bbe765501b70e51f7f75498	-	-	-
upstream-9.0.3	9.0.3	https://snapshot.debian.org/file/e9044693fa329875df8b81163a819c1d77d9812d	2f23781d4186858b0a25823757728dbbe9ab4e0bf7e921f1e785d313e094b33f	-	-	-
upstream-9.0.4	9.0.4	https://snapshot.debian.org/file/d9529c865a8303c0dd13fb3f9fda136c61c50921	7a9db852834db4581f459a9908afb07f2debe6d9bf08c7a7f3e9782aece5825a	-	-	-
upstream-9.0.5	9.0.5	https://snapshot.debian.org/file/25293ec86e2808254050ae10303e6f53293fea58	a6751dc5f11aea5a7b92f6f8f95ae7e35f9dcd6fc67a7ae05a8b7d9ad4a9769f	-	-	-
upstream-9.0.6	9.0.6	https://snapshot.debian.org/file/329dd628366a8d43bddcf9fd692411f244ad9148	464a4e23ab3b7d6886a5b8aa108e05b1a7f42654e1c398a040c88c81f30168c9	-	-	-
upstream-9.0.6.1	9.0.6.1	https://snapshot.debian.org/file/a12e321d8f59ffad96fa265c6b1d2fa96f23d32b	1c70bd55826c57749f040678fd7258649e0ed875ba3a0d7bf01b07e3f712c3bc	-	-	-
upstream-9.1.5	9.1.5	https://codeload.github.com/sysstat/sysstat/tar.gz/9f61e3a7ab75739f6e25b6a190ba1b2447206680	72809a4a54b87dcc375e322f35cf67fa123fcb864721c3b720533ea293aa2036	9f61e3a7ab75739f6e25b6a190ba1b2447206680	-	-
upstream-9.1.6	9.1.6	https://codeload.github.com/sysstat/sysstat/tar.gz/1599fb38a3570f9ca6e1a292d39a024f4a1d6e82	53377f8624461869c1712a4176fd61b946c7495845a52a449c1a873cc9be5f0c	1599fb38a3570f9ca6e1a292d39a024f4a1d6e82	-	-
upstream-9.1.7	9.1.7	https://codeload.github.com/sysstat/sysstat/tar.gz/252904af901d47c276b0fa29331936941cc56632	3103d32c57dea4a784c1ffeee74a0f3553ffc4ab46c3312c2d868f30290c90f4	252904af901d47c276b0fa29331936941cc56632	-	-
upstream-10.0.0	10.0.0	https://codeload.github.com/sysstat/sysstat/tar.gz/da125d82b6b693448e166eb036bb8e12cadbd959	b132c70e2b482d13ee525d315a279e9b778ba05555a776df20185fa9be02cec4	da125d82b6b693448e166eb036bb8e12cadbd959	-	-
upstream-10.0.1	10.0.1	https://codeload.github.com/sysstat/sysstat/tar.gz/2238885c663d445e44d4c4ed59b8548d9e623bcf	10b93e306d021f871b9217b70439797929d73bd955976b65efabab0a105dbf84	2238885c663d445e44d4c4ed59b8548d9e623bcf	-	-
upstream-10.0.2	10.0.2	https://codeload.github.com/sysstat/sysstat/tar.gz/5dc11bfd560adfd5e7d7b189e69f12e600dd34df	4385bffadb4863d5540ab4af8e125eeed7e0f8ad99018b72acf704763d8c4e2e	5dc11bfd560adfd5e7d7b189e69f12e600dd34df	-	-
upstream-10.0.3	10.0.3	https://codeload.github.com/sysstat/sysstat/tar.gz/15698b3ebae45d615fa2f549658776dd5bbee760	20a688079c1ec51ac82b5a24e7c11a4bd963552f78b92249f1e20a1ba6672ece	15698b3ebae45d615fa2f549658776dd5bbee760	-	-
upstream-10.0.4	10.0.4	https://codeload.github.com/sysstat/sysstat/tar.gz/a244d64488eaa74f8f2a61461503d6189931ac62	7e212336b37dd340cc1594169d393069517454d40d0b92edc326c7a4ab919170	a244d64488eaa74f8f2a61461503d6189931ac62	-	-
upstream-10.0.5	10.0.5	https://codeload.github.com/sysstat/sysstat/tar.gz/02166502ab297dbe6c222911b026b1d6def698df	106d30cf6581b5b29b125d2918caac64d55acb8a57ffa137f376eab0bcfcec8a	02166502ab297dbe6c222911b026b1d6def698df	-	-
upstream-10.1.1	10.1.1	https://codeload.github.com/sysstat/sysstat/tar.gz/eea9e57a41c39a4cfb33c0a9ddd21c2ef9707f88	119d432a8e724fab1dc6f14773391ceef2f47055c5af0edf5f6d1bea8c1a92d4	eea9e57a41c39a4cfb33c0a9ddd21c2ef9707f88	-	-
upstream-10.1.2	10.1.2	https://codeload.github.com/sysstat/sysstat/tar.gz/462f0abc99bcd0e4d53ad19bf20f79002f48708f	0ac8b16a692a31f69cd414f25e58346bee5773fce015a428ec8645d599bd13fa	462f0abc99bcd0e4d53ad19bf20f79002f48708f	-	-
upstream-10.1.3	10.1.3	https://codeload.github.com/sysstat/sysstat/tar.gz/049ea5c39d0bb65f44852beb924376c08c5e4137	8afd750b986bda7d535bea092fb917a81e685904f3dcc8e882afa379565b49a3	049ea5c39d0bb65f44852beb924376c08c5e4137	-	-
upstream-10.1.4	10.1.4	https://codeload.github.com/sysstat/sysstat/tar.gz/d3e3bc6e76edee720c3dc751c1aeaec18ce05afa	98433e0b75d1c6355299882d68d1129f3d1d19d00a27f62facab2ff665d6d2d3	d3e3bc6e76edee720c3dc751c1aeaec18ce05afa	-	-
upstream-10.1.5	10.1.5	https://codeload.github.com/sysstat/sysstat/tar.gz/0a5d702af14317b37f138525eccfe080dbe67aaa	283466b17c6ed3899fbca7a9e7ecc2703a716142b01447d445cbc6a8f5b658a2	0a5d702af14317b37f138525eccfe080dbe67aaa	-	-
upstream-10.1.6	10.1.6	https://codeload.github.com/sysstat/sysstat/tar.gz/e702b51da39d32600abb917e1961e1bcffe7336c	74ddaca23b095d9ba45b9c98ba74fab8bbe11b5e38d1fbf949f75d104d1d4008	e702b51da39d32600abb917e1961e1bcffe7336c	-	-
upstream-10.1.7	10.1.7	https://codeload.github.com/sysstat/sysstat/tar.gz/46945d361234c8638e67d46d90db35e7227664e2	7c924e9fde6b897c468cf187a7f581214562374a502abe8cd4e8ddabedab7a58	46945d361234c8638e67d46d90db35e7227664e2	-	-
upstream-10.2.0	10.2.0	https://codeload.github.com/sysstat/sysstat/tar.gz/5157d89926a4766d389e9c961bcd7929246c51f0	c5debd062ef4827c2a5b028fc89798d2b59ca528f2664f700d7dfa35c3fc0b9d	5157d89926a4766d389e9c961bcd7929246c51f0	-	-
upstream-10.2.1	10.2.1	https://codeload.github.com/sysstat/sysstat/tar.gz/7471c52d70b6c4ed91fb8e828435aea3a1a8678c	d04dea25e23a4b20d711236254bd671b9e184188988343e8c460103a73caa261	7471c52d70b6c4ed91fb8e828435aea3a1a8678c	-	-
upstream-10.3.1	10.3.1	https://codeload.github.com/sysstat/sysstat/tar.gz/40e7744360635df172135b204d78a0c25a90b6a6	8c63b33ce5b38b3e9b7193ee74f221d10d01b42c99352157e5229f27dd63bbbd	40e7744360635df172135b204d78a0c25a90b6a6	-	-
upstream-11.0.0	11.0.0	https://codeload.github.com/sysstat/sysstat/tar.gz/cdceb01f1e225ce6aaf25f108de185ba008a79e3	30d7c3fe3286092f636fe9e4bc8bcc722ce3f0e9f19ae1d6516100d1d37ef3aa	cdceb01f1e225ce6aaf25f108de185ba008a79e3	-	-
upstream-11.0.1	11.0.1	https://codeload.github.com/sysstat/sysstat/tar.gz/0eb2089e8534b25a3c7ebfbd147cde8872a01774	de0c4693c2932d3627d776616a21ba94a702625fe73a03e6aa6ae86a26a9f4f0	0eb2089e8534b25a3c7ebfbd147cde8872a01774	-	-
upstream-11.0.2	11.0.2	https://codeload.github.com/sysstat/sysstat/tar.gz/264de8a6d8e55dcd56fe6e3b4703aff8c664fd51	0064807bf00b5c38f6f9fd48c9533a2d5b2bd16ab219dce2c0af41339b4eea19	264de8a6d8e55dcd56fe6e3b4703aff8c664fd51	-	-
upstream-11.0.3	11.0.3	https://codeload.github.com/sysstat/sysstat/tar.gz/0f5737ccef2412a2a78308309f3db2e06956dd6e	ef206023350516a757aa7ebc6eeac5725b7f5a824002e1bdf044009a2b66bb18	0f5737ccef2412a2a78308309f3db2e06956dd6e	-	-
upstream-11.0.4	11.0.4	https://codeload.github.com/sysstat/sysstat/tar.gz/c7c2899a9e23ba968c87084d7dde57f096115ef1	ca698f03ae0f6504acd20a1c2363e63d16a85c25ff5c6d5dbc8c71c133f39508	c7c2899a9e23ba968c87084d7dde57f096115ef1	-	-
upstream-11.0.5	11.0.5	https://codeload.github.com/sysstat/sysstat/tar.gz/51a9acabac2703de82245b051ff78ce241341af1	06a556f7a2fd930148c70a31327f16944a0da36eaf7695e9c6828410af946b82	51a9acabac2703de82245b051ff78ce241341af1	-	-
upstream-11.0.6	11.0.6	https://codeload.github.com/sysstat/sysstat/tar.gz/8865aba826de2f5782caf16b2beb58f2374b35e9	53c454633d2580c9c8ebf727d41cb1cf1113d921b98b7c2036759fc11ec14c29	8865aba826de2f5782caf16b2beb58f2374b35e9	-	-
upstream-11.0.7	11.0.7	https://codeload.github.com/sysstat/sysstat/tar.gz/661f436260828450a8921c26856b4f54f5d29279	489e18c463d4b0fb04d421d68cdee0e5beb0fa595307abf6b45491fc72f6dac6	661f436260828450a8921c26856b4f54f5d29279	-	-
upstream-11.0.8	11.0.8	https://codeload.github.com/sysstat/sysstat/tar.gz/64654708e09c96165402f0e3240703bb67fc6e55	d7ac47da8f218651672cdbbdbbf706e3fa02f8c8bb2233bbae6b3051a701f5d5	64654708e09c96165402f0e3240703bb67fc6e55	-	-
upstream-11.1.1	11.1.1	https://codeload.github.com/sysstat/sysstat/tar.gz/074e55d5507618a086939eb8ce24fd6691c57bfb	6f64cf6b783fd3afdc7a6f6eb3744790196623583d5a77e38d2aff71900eaec4	074e55d5507618a086939eb8ce24fd6691c57bfb	-	-
upstream-11.1.2	11.1.2	https://codeload.github.com/sysstat/sysstat/tar.gz/86fc0f82d1f3a7042d73e10deb4b05800c7f6ac3	4c0ede3d4c9207a031a56f415aba59995080d6347bf76d8affd45114f8a8de59	86fc0f82d1f3a7042d73e10deb4b05800c7f6ac3	-	-
upstream-11.1.3	11.1.3	https://codeload.github.com/sysstat/sysstat/tar.gz/658d3687289abbf8b96c54f993e0d62967a32498	6c1e4ca269ef20e1f2c76ab17d73fb79cc6d10bcccaee42750f7f3e162fd2f9d	658d3687289abbf8b96c54f993e0d62967a32498	-	-
upstream-11.1.4	11.1.4	https://codeload.github.com/sysstat/sysstat/tar.gz/a902141566ffd627994f0aaeacf875105a4466b4	b5e5e77cba22a86f3aac3801e11778912259f1f74080001bc38548370b1e48a9	a902141566ffd627994f0aaeacf875105a4466b4	-	-
upstream-11.1.5	11.1.5	https://codeload.github.com/sysstat/sysstat/tar.gz/6cee2814b858329a9d93db6978d6cdce78dba2aa	10925c8e485a80d9a9cc1f5e0a519aa61a1c0574ca6b9dde7a9e61bb660f8ee2	6cee2814b858329a9d93db6978d6cdce78dba2aa	-	-
upstream-11.1.6	11.1.6	https://codeload.github.com/sysstat/sysstat/tar.gz/4618efbc8911c7b30e4855d3e82da0a09f215f1c	7664b4b25a3280d825b11b20f80709dd1c26648ce03912213e873d3ad7675129	4618efbc8911c7b30e4855d3e82da0a09f215f1c	-	-
upstream-11.1.7	11.1.7	https://codeload.github.com/sysstat/sysstat/tar.gz/03d08abe7fc926ef2c8b5deadaf508091d23596f	d9ddba1055db6c1f3d20af7260c088360bf289e1fd1a800dfb9cd5f404ac3c74	03d08abe7fc926ef2c8b5deadaf508091d23596f	-	-
upstream-11.1.8	11.1.8	https://codeload.github.com/sysstat/sysstat/tar.gz/13ac5af1dca333fc48611e74ba58af34de8e1d2c	ccc59310ee305e29c97723ec85d127ccfa02c5ba5d6a9e4d8631bf365c810084	13ac5af1dca333fc48611e74ba58af34de8e1d2c	-	-
upstream-11.2.0	11.2.0	https://codeload.github.com/sysstat/sysstat/tar.gz/f1a2c75a6a894a6d7b15ebeac8e54797a5e107bc	7c1a1c7035adddf08820aed0a824f12238e40e11eb71497872993388d5ba878d	f1a2c75a6a894a6d7b15ebeac8e54797a5e107bc	-	-
upstream-11.2.1	11.2.1	https://codeload.github.com/sysstat/sysstat/tar.gz/49a6d9c6495cfeeef3c303180775dc3d03d98c6b	deb0ade107f6192df137ae7af3d409e6020a80f30dde4872c084018af3864494	49a6d9c6495cfeeef3c303180775dc3d03d98c6b	-	-
upstream-11.2.1.1	11.2.1.1	https://codeload.github.com/sysstat/sysstat/tar.gz/f4dbf172d9cd0181a2c80080c8e28093d21df03d	ce822d065901872c209caf4e1a633ec421095962d0b4a36a5a2da0f300ccbafe	f4dbf172d9cd0181a2c80080c8e28093d21df03d	-	-
upstream-11.2.2	11.2.2	https://codeload.github.com/sysstat/sysstat/tar.gz/cb279ea08720d64827f8e29c2c044cf94055717e	6165bedf463bdcf83128afaaaa2c386a3f7be8672d1443793ed185c6e33ab614	cb279ea08720d64827f8e29c2c044cf94055717e	-	-
upstream-11.2.3	11.2.3	https://codeload.github.com/sysstat/sysstat/tar.gz/d60802d5d7aba227c0e3125a295cc35f49ccc936	c5607fe7232377b7b1cfc1c8e9cd8bc85e444a78bed1a3666149c43dacbe9e55	d60802d5d7aba227c0e3125a295cc35f49ccc936	-	-
upstream-11.2.4	11.2.4	https://codeload.github.com/sysstat/sysstat/tar.gz/139ad54806716d831b8c4af8b95bac0fdcd1e7ff	282ccd1fced73ad32e1dbaf20d964de5a15765ef167375746b73b0694ee1b480	139ad54806716d831b8c4af8b95bac0fdcd1e7ff	-	-
upstream-11.2.5	11.2.5	https://codeload.github.com/sysstat/sysstat/tar.gz/3c275c1f8d00a7bdab647aca17abe465f7a8ea17	ddb67ad85257ea7482368af428d309fc8ba1eecbc19e8367f1ea9265400b6fe3	3c275c1f8d00a7bdab647aca17abe465f7a8ea17	-	-
upstream-11.2.6	11.2.6	https://codeload.github.com/sysstat/sysstat/tar.gz/4bd9d29564d9f5fa0640b2464b3e567c67cd133a	e09834c5aa1447530fe99bda2d576522999a1468c218647551ad0fd7fd6560f4	4bd9d29564d9f5fa0640b2464b3e567c67cd133a	-	-
upstream-11.2.7	11.2.7	https://codeload.github.com/sysstat/sysstat/tar.gz/d0a739d03bcc10f5e6fe75b045cdb66a79d83fbe	acbaffe083fe2c617dae59dbd5be3600bb016075f4ae5b05a17613c219b7ed55	d0a739d03bcc10f5e6fe75b045cdb66a79d83fbe	-	-
upstream-11.2.8	11.2.8	https://codeload.github.com/sysstat/sysstat/tar.gz/63015bf4352531c233c33f288de2d3f22e9dfb80	11a5c22ba8ac47607380e8d2543ae0e1b32d57c318686d378d978551d3dacd18	63015bf4352531c233c33f288de2d3f22e9dfb80	-	-
upstream-11.2.9	11.2.9	https://codeload.github.com/sysstat/sysstat/tar.gz/44851be99b5cb9760d80af24a129f4d4394e9d97	317b258396c69d9723e6de491de76bc3ceeca99a00c9144b9a0cc0a417d1f597	44851be99b5cb9760d80af24a129f4d4394e9d97	-	-
upstream-11.2.10	11.2.10	https://codeload.github.com/sysstat/sysstat/tar.gz/a5676b9e90efee7210eea62f6b31fb8fa0474fc1	5aa5eb421b5ef480a2fab49aa119a24aa56eab37c69200b51dbad5d0230c90ed	a5676b9e90efee7210eea62f6b31fb8fa0474fc1	-	-
upstream-11.2.11	11.2.11	https://codeload.github.com/sysstat/sysstat/tar.gz/5f4e9d59f4db3a5d886c27ff809adf3fa056ac86	d8bafadc29c899ef95db41b7052625791f270b8fd660220da61b072a14c0157d	5f4e9d59f4db3a5d886c27ff809adf3fa056ac86	-	-
upstream-11.2.12	11.2.12	https://codeload.github.com/sysstat/sysstat/tar.gz/6a932098411f3cec89402a1952adb6f227697709	72c24b484f9d729b5379e65a73626075afaf527942c1f6486d268b2f2b74d89e	6a932098411f3cec89402a1952adb6f227697709	-	-
upstream-11.2.13	11.2.13	https://codeload.github.com/sysstat/sysstat/tar.gz/35c02c214164198acd70955fc17065b6548b09f3	256c411795327c61df7b662c34d6c8aa0beef401ed9ce3b9e034a6fa86614226	35c02c214164198acd70955fc17065b6548b09f3	-	-
upstream-11.2.14	11.2.14	https://codeload.github.com/sysstat/sysstat/tar.gz/d36f16ac4847c81b205552298e67ac8a72a09b31	88e758bf52011175fb2e5ba3fcdaebcbb6df1c766b912015848f75549b1310f6	d36f16ac4847c81b205552298e67ac8a72a09b31	-	-
upstream-11.3.1	11.3.1	https://codeload.github.com/sysstat/sysstat/tar.gz/14dfa17ce30db095e6f8ffaf3f381c802de0b10b	5ff9c075b9ccd7fd21343ef9ecfbbb61dec08f01e3194905616e14a497cec57d	14dfa17ce30db095e6f8ffaf3f381c802de0b10b	-	-
upstream-11.3.2	11.3.2	https://codeload.github.com/sysstat/sysstat/tar.gz/741bb01416400a9f7f0f4939e2f73823c74d796c	dbc93be38d9927639de2753cc26a9475113b120546cae21897bb474b3b4b6ff8	741bb01416400a9f7f0f4939e2f73823c74d796c	-	-
upstream-11.3.3	11.3.3	https://codeload.github.com/sysstat/sysstat/tar.gz/5d1d6f6e47f17aedb25df5eb3a1b6f2a119d355d	b7b5099970309f0b8b275f8f559e1799c551b7281e48122ab319d3b40cb59d14	5d1d6f6e47f17aedb25df5eb3a1b6f2a119d355d	-	-
upstream-11.3.4	11.3.4	https://codeload.github.com/sysstat/sysstat/tar.gz/b2e3fce0b5300f81400ee7f4e1d61c6ab1d1aef7	01768a63229b8b7efe7e837d55296aba96e00136a2421e5bd7e9652843e1e10f	b2e3fce0b5300f81400ee7f4e1d61c6ab1d1aef7	-	-
upstream-11.3.5	11.3.5	https://codeload.github.com/sysstat/sysstat/tar.gz/e350f56ee15863c0a70d0e07d8dcd47f9c40e36c	852561f91b7f994ced0f075999a6bfe5d9ab89c1f2c529ae792da1d4a72731cc	e350f56ee15863c0a70d0e07d8dcd47f9c40e36c	-	-
upstream-11.4.0	11.4.0	https://codeload.github.com/sysstat/sysstat/tar.gz/9751dd2d8e11f38dc8e2753cd90650cfbd55baa2	b6d0fb6d776d866f9ca5574b0d9d85f5130067113d560c271fad52fe317e9c90	9751dd2d8e11f38dc8e2753cd90650cfbd55baa2	-	-
upstream-11.4.1	11.4.1	https://codeload.github.com/sysstat/sysstat/tar.gz/2178636cab28fd0fa90831252350a376952583fa	12b6745a38371ae729481f8591ab8d173a2820ce418603cb2c4c80a286e81d3b	2178636cab28fd0fa90831252350a376952583fa	-	-
upstream-11.4.2	11.4.2	https://codeload.github.com/sysstat/sysstat/tar.gz/3080d388e89c748b6c0324e23112ecc1cfce6f2a	5013461580c835de0ac9dfdb4a9d8670f21fc60b521ed6dea4f815203a435293	3080d388e89c748b6c0324e23112ecc1cfce6f2a	-	-
upstream-11.4.3	11.4.3	https://codeload.github.com/sysstat/sysstat/tar.gz/2925951ba1fbd6679c4d7e41318f8d4ce2562701	c34834eb48a6a2c4445643be38b23ce855ef0e035d746f834859572b4e63b201	2925951ba1fbd6679c4d7e41318f8d4ce2562701	-	-
upstream-11.4.4	11.4.4	https://codeload.github.com/sysstat/sysstat/tar.gz/56be0156772ba46f250437273532c053010cb62d	a5583bc5ade6af485eb9730e68f9dc779b77bcf0ee6fc3a7a4a97f0684f08060	56be0156772ba46f250437273532c053010cb62d	-	-
upstream-11.4.5	11.4.5	https://codeload.github.com/sysstat/sysstat/tar.gz/c127f5d212443cc5d40c8edc68ae769203f8cf8e	2451dd4d20a1bfaaf3c9f4c40fc84dc794755df5cfa9253738975d5cfe6ebe15	c127f5d212443cc5d40c8edc68ae769203f8cf8e	-	-
upstream-11.4.6	11.4.6	https://codeload.github.com/sysstat/sysstat/tar.gz/523c616c79ab9c2a6b861d5e90b1b0b319c3ec4a	392a1d339e6a8c84c640560f228769d994dffd8cb6f45b53625c605928048226	523c616c79ab9c2a6b861d5e90b1b0b319c3ec4a	-	-
upstream-11.4.7	11.4.7	https://codeload.github.com/sysstat/sysstat/tar.gz/882d23c11b506598766ee7109ae6827108fcbf95	72795ce21f982da35df044a482cd293c14a430eaafd18982c009f6168d86b719	882d23c11b506598766ee7109ae6827108fcbf95	-	-
upstream-11.4.8	11.4.8	https://codeload.github.com/sysstat/sysstat/tar.gz/d3b1f35582c5136fe5d70c93fa2dd3e5e964208f	eaf2fd2a066aceccff0637b26e31e7dd11580b5cee29ca89b4202ee70e086e1c	d3b1f35582c5136fe5d70c93fa2dd3e5e964208f	-	-
upstream-11.4.9	11.4.9	https://codeload.github.com/sysstat/sysstat/tar.gz/689dbaca330a22e9df9eaf24038eb0f32284732e	accaf48921450dbbcc16d20d6d6689e2deb0a7b5253ef43eb4879162a39cac74	689dbaca330a22e9df9eaf24038eb0f32284732e	-	-
upstream-11.4.10	11.4.10	https://codeload.github.com/sysstat/sysstat/tar.gz/bed0cb0adb000186c891a6cea51052e0adb47412	055973dd385e6d759adbb9cfab797d5f00493e348b19d5b44a9178b4a554915b	bed0cb0adb000186c891a6cea51052e0adb47412	-	-
upstream-11.4.11	11.4.11	https://codeload.github.com/sysstat/sysstat/tar.gz/c04182cd79e1b605b1feaf4ce6a9ac31a820363c	d1729a51fc5aab72fd41bf1492bc535f35ca3061cdf4927b531818d5204fd2c9	c04182cd79e1b605b1feaf4ce6a9ac31a820363c	-	-
upstream-11.5.1	11.5.1	https://codeload.github.com/sysstat/sysstat/tar.gz/4ac48a22745da1d73a637901e6a36293bcea963e	c881fb3f66832e206a3dc8674f248758b60d8392ebf6fd961c2a749c0a28013b	4ac48a22745da1d73a637901e6a36293bcea963e	-	-
upstream-11.5.2	11.5.2	https://codeload.github.com/sysstat/sysstat/tar.gz/976ab41876ca9e63965f590d85f8465cf9b294f5	309c78dc19d9965bb7ef3d8ee8549f58ce3d2aee5b39d6817c44e44655aa726f	976ab41876ca9e63965f590d85f8465cf9b294f5	-	-
upstream-11.5.3	11.5.3	https://codeload.github.com/sysstat/sysstat/tar.gz/11de344ec3438b5371ee7c6a727427b9e913f411	18be042d6e98de96cba7c42c913a0420ab2abd643e49adf78bfae3e9afb9ad64	11de344ec3438b5371ee7c6a727427b9e913f411	-	-
upstream-11.5.4	11.5.4	https://codeload.github.com/sysstat/sysstat/tar.gz/6e0fbc1e0d54386ec1300801eb092663446a00eb	dd37aa22595f48e8aa5e3f0107e3b75c7335f0a63dbf77ad6d1dce1772952665	6e0fbc1e0d54386ec1300801eb092663446a00eb	-	-
upstream-11.5.5	11.5.5	https://codeload.github.com/sysstat/sysstat/tar.gz/3008e3ad2bceb6e6fc3a92d1633b049dc6b29385	3809d876329c72a7d9a619193d6ce90f4f950a9e6cf133958dc6093ef441172f	3008e3ad2bceb6e6fc3a92d1633b049dc6b29385	-	-
upstream-11.5.6	11.5.6	https://codeload.github.com/sysstat/sysstat/tar.gz/d02886ac3624a5ac32459deac3d94ff3a17a15ba	912bded685c69541390b15b0e2da8a69a78711beac12cd9288d0022ac2434972	d02886ac3624a5ac32459deac3d94ff3a17a15ba	-	-
upstream-11.5.7	11.5.7	https://codeload.github.com/sysstat/sysstat/tar.gz/2b2d41802b8429114179638df5af69c8066d6710	d0f1148a74bd01d61054dda9050e8add95d37936255763456627e18337b555e9	2b2d41802b8429114179638df5af69c8066d6710	-	-
upstream-11.6.0	11.6.0	https://codeload.github.com/sysstat/sysstat/tar.gz/94388af3677e4f0d1c94b3bbd7a3af5b23fd6372	13d94ba89cdef12119c66b94cd0348a3aee160ccd2af3d04b0cb3daf1bd1e200	94388af3677e4f0d1c94b3bbd7a3af5b23fd6372	-	-
upstream-11.6.1	11.6.1	https://codeload.github.com/sysstat/sysstat/tar.gz/9ee67104f72260b0706faf5f20bde9a031cb97a6	d6d07d2038c994dd9453102de165a67fd9451092f8166fcc38a1672d156e4d75	9ee67104f72260b0706faf5f20bde9a031cb97a6	-	-
upstream-11.6.2	11.6.2	https://codeload.github.com/sysstat/sysstat/tar.gz/a0011f11ba4f71f11721dbe0e89e1cb0403db3a5	ff7252b534c99a66a7384926eefc64202b8f68e28e5fa3e5d41fd6708ff228b2	a0011f11ba4f71f11721dbe0e89e1cb0403db3a5	-	-
upstream-11.6.3	11.6.3	https://codeload.github.com/sysstat/sysstat/tar.gz/c460e15cbd614f3685eb0efe3e46bec205893c3a	e5387f748f86ed0c3dcea4f7acfb2785709304e84554ca7f7ed785e77cd7b66d	c460e15cbd614f3685eb0efe3e46bec205893c3a	-	-
upstream-11.6.4	11.6.4	https://codeload.github.com/sysstat/sysstat/tar.gz/6b261b296f6dc4781db6a74673da261770c345af	00f7cd0ff52ed1c6c6ab0d6f961c0ec224cb92736d86fb5e67a2faba982b3b5b	6b261b296f6dc4781db6a74673da261770c345af	-	-
upstream-11.6.5	11.6.5	https://codeload.github.com/sysstat/sysstat/tar.gz/a9c53b9fc456a8a8821fedd2643aeac26db760fd	9c27edd397f1b7f691d429b08de0a1fcb6a8668a976f2e4f67f279a7c1aabdf9	a9c53b9fc456a8a8821fedd2643aeac26db760fd	-	-
upstream-11.6.6	11.6.6	https://codeload.github.com/sysstat/sysstat/tar.gz/1e6e2c3d0866a7569046afedf957a40f7b0e4120	f8da0e469331b9266e5d9a9d560fb9cfb1cfbefd1ec84252554e97bb8eac9df6	1e6e2c3d0866a7569046afedf957a40f7b0e4120	-	-
upstream-11.7.1	11.7.1	https://codeload.github.com/sysstat/sysstat/tar.gz/22a04b03a87c9b63d7404c8e6d4a9f4150722f79	1cd3a917b3bcf0a93e798ae554e8bee30eac1af5970bb5fd5391baa034dfa7df	22a04b03a87c9b63d7404c8e6d4a9f4150722f79	-	-
upstream-11.7.2	11.7.2	https://codeload.github.com/sysstat/sysstat/tar.gz/df0f030de5dda5b7a50b6b3ebfdf84d315846d8e	84a50da27d45e51a86400645fa9be0e38a125188cee90d8f41a240bf3f71447c	df0f030de5dda5b7a50b6b3ebfdf84d315846d8e	-	-
upstream-11.7.3	11.7.3	https://codeload.github.com/sysstat/sysstat/tar.gz/2a15f84080ae92d06a06a92992814bd6a028fdd7	da8485ac060e2bfc3826493716534007b08a6888e1a77b3a63d3c700fd0255a1	2a15f84080ae92d06a06a92992814bd6a028fdd7	-	-
upstream-11.7.4	11.7.4	https://codeload.github.com/sysstat/sysstat/tar.gz/554c9a96e83579502551fda3644329839d70ac7e	4dd639526e16966b9d48fe40329ca3c353506d01ff56b9c810461be0fc9c018c	554c9a96e83579502551fda3644329839d70ac7e	-	-
upstream-12.0.0	12.0.0	https://codeload.github.com/sysstat/sysstat/tar.gz/0db89ae03acfbe31e13ca59e93ac3d3c36776111	ff78558eaa17e6c1959c987e7d3bb244ec8a49ac476ebacc2828001f30017baf	0db89ae03acfbe31e13ca59e93ac3d3c36776111	-	-
upstream-12.0.1	12.0.1	https://codeload.github.com/sysstat/sysstat/tar.gz/22b5c157edeadfc61d65c6871ca86807983ca043	d80985773fd8236d659aaea95e4d75b499997c5994a582fe3663e4a688b34ea6	22b5c157edeadfc61d65c6871ca86807983ca043	-	-
upstream-12.0.2	12.0.2	https://codeload.github.com/sysstat/sysstat/tar.gz/0cf97738371c6050b7e800967ffc43ea9f44ab5b	ad40b5941fac77fd123096dedadae71f56a196e5d8bc2495c7b3689120d25092	0cf97738371c6050b7e800967ffc43ea9f44ab5b	-	-
upstream-12.0.3	12.0.3	https://codeload.github.com/sysstat/sysstat/tar.gz/c1eb06173a1dfc13db3454f00a84600e6cb4e082	8eb7a5b59ce9c8fc7bc598cb9fa7feb1bf4147678fda04a77a3ff707363743dd	c1eb06173a1dfc13db3454f00a84600e6cb4e082	-	-
upstream-12.0.4	12.0.4	https://codeload.github.com/sysstat/sysstat/tar.gz/c0e806d7ca2d924cb6ce9d64a6976b7cc186ad35	07878289e27fafe4d89c43b58cc6ca470bdd486a921f6c4d68c6659148ef2b70	c0e806d7ca2d924cb6ce9d64a6976b7cc186ad35	-	-
upstream-12.0.5	12.0.5	https://codeload.github.com/sysstat/sysstat/tar.gz/3be5f37bc493672ad1c76d8e8e2b811418acffef	7825fd88381d0e33de394dab9248ffe44a9fb726349b31b7f1c07b88b4302720	3be5f37bc493672ad1c76d8e8e2b811418acffef	-	-
upstream-12.0.6	12.0.6	https://codeload.github.com/sysstat/sysstat/tar.gz/1bc9295d81e2b85ef521c058dc980d116f7b550e	b9987be23a860bb255f92aa2f5ef2ae1b21807923488be3be633d90f734789b3	1bc9295d81e2b85ef521c058dc980d116f7b550e	-	-
upstream-12.1.1	12.1.1	https://codeload.github.com/sysstat/sysstat/tar.gz/e7bc3544711b1ae4253b5df6fc34531c6bf5030c	9e400862833c50350686974af1aebffba06846ce58653196fc3c7ccf648caea1	e7bc3544711b1ae4253b5df6fc34531c6bf5030c	-	-
upstream-12.1.2	12.1.2	https://codeload.github.com/sysstat/sysstat/tar.gz/b827bf5e5e7266fce6edd5208cb921c85d1d755e	6e68497ab5ab0b48741d3989689a15e3236818759a8a7131ef856fda2ef777bb	b827bf5e5e7266fce6edd5208cb921c85d1d755e	-	-
upstream-12.1.3	12.1.3	https://codeload.github.com/sysstat/sysstat/tar.gz/681a13ecfb932b354c4500c87b7bc5cde859214e	1733015deb6468c599c1d7ad0e43b1152db151e45161ce6bfdc265ac8403558c	681a13ecfb932b354c4500c87b7bc5cde859214e	-	-
upstream-12.1.4	12.1.4	https://codeload.github.com/sysstat/sysstat/tar.gz/e36727f301fd3ee78acdd1195864d8ec23b5eaeb	6de5ed6ffd526eaf51caeeef49fd1d0f1ec8ba37d27555e9a81a9197c8ab4edf	e36727f301fd3ee78acdd1195864d8ec23b5eaeb	-	-
upstream-12.1.5	12.1.5	https://codeload.github.com/sysstat/sysstat/tar.gz/5f81e09e76e5ff0ddbcf442c73340f6417c121c2	183876f5dcfd85dc9421fb644d04995a784eea42d0e8d4adc00a5d8025177abb	5f81e09e76e5ff0ddbcf442c73340f6417c121c2	-	-
upstream-12.1.6	12.1.6	https://codeload.github.com/sysstat/sysstat/tar.gz/2f49200a8de050fe604e65417fe13d52ce2c22c3	2da051ab20392e81c53e8ccc6375469849022952724e8cd12a285933a7d15a09	2f49200a8de050fe604e65417fe13d52ce2c22c3	-	-
upstream-12.1.7	12.1.7	https://codeload.github.com/sysstat/sysstat/tar.gz/7db96d0b6106d37fd731d3db5baec25a7d83d6d6	e7be8c355d77380dad4b1e7d5f220675fd35117369be275ba3ba1edfb9691385	7db96d0b6106d37fd731d3db5baec25a7d83d6d6	-	-
upstream-12.2.0	12.2.0	https://codeload.github.com/sysstat/sysstat/tar.gz/987942f690c83fc4e5f62cebb68993b5a095f136	2b4edabff60a5412b841f0aba44bd45001e9045d70b13e566520b920cbcda7c1	987942f690c83fc4e5f62cebb68993b5a095f136	-	-
upstream-12.2.1	12.2.1	https://codeload.github.com/sysstat/sysstat/tar.gz/1d90cf918e7046fe43e038aced85d3e28c5f2409	22adc191211c620b9011cf267c5d6082a1db54fe7e4dbbd349837d0a584186f3	1d90cf918e7046fe43e038aced85d3e28c5f2409	-	-
upstream-12.2.2	12.2.2	https://codeload.github.com/sysstat/sysstat/tar.gz/69206aae374582f5ed6e4ba7a296a5d376c187ce	3d16fa59cdbb296c5ee67a0edeabce80da4cc0a23ec21f278c42a36356da5a22	69206aae374582f5ed6e4ba7a296a5d376c187ce	-	-
upstream-12.2.3	12.2.3	https://codeload.github.com/sysstat/sysstat/tar.gz/402935ae9ed8f122a76aab3da4f4de4d280b9b64	6c4fa0df3062dc5d1126b3058f0eb083d54e0e33a0d6514ecdfbe6f68da240bb	402935ae9ed8f122a76aab3da4f4de4d280b9b64	-	-
upstream-12.3.1	12.3.1	https://codeload.github.com/sysstat/sysstat/tar.gz/60e7164b07300a796c943d25f3012ca5a0b67a9c	132133983aa41e5c6a895e0dd142b7a70c6854763d0356e2fcb5dbcd92680d93	60e7164b07300a796c943d25f3012ca5a0b67a9c	-	-
upstream-12.3.2	12.3.2	https://codeload.github.com/sysstat/sysstat/tar.gz/2153a1b829472711f460a3500aa39e9d708223d0	3ba6b3dd3679f1911996acaf48e0c8dd98a15d30dc78aee0d5bebafcfa03864f	2153a1b829472711f460a3500aa39e9d708223d0	-	-
upstream-12.3.3	12.3.3	https://codeload.github.com/sysstat/sysstat/tar.gz/2e46917adcd69c701d498e5c9fdfd0e33f75f6a7	a02d2e833162cdaa9dc95069245d1ffc0d67e94d7904111ddade402ed15a7f68	2e46917adcd69c701d498e5c9fdfd0e33f75f6a7	-	-
upstream-12.4.0	12.4.0	https://codeload.github.com/sysstat/sysstat/tar.gz/26a5665e4eccdf56a686c80b6384dbfce9e97fcf	e61d35acfab62866198ae76b350b73c0e03094d308a00346d838aea3f2003326	26a5665e4eccdf56a686c80b6384dbfce9e97fcf	-	-
upstream-12.4.1	12.4.1	https://codeload.github.com/sysstat/sysstat/tar.gz/9b1dd7428c720a1dbcdbc2fe66462e66ff58a0af	56b09c893ae2c794581cd972472c9c7d2ef42468302d1ff8b004b076d670ffbb	9b1dd7428c720a1dbcdbc2fe66462e66ff58a0af	-	-
upstream-12.4.2	12.4.2	https://codeload.github.com/sysstat/sysstat/tar.gz/b1787f217be67339f0627a2cf0cf38587613bf9e	b7e300398145adcdfc69ad212528e99dc56b2be1bcfe0226445d5f5aa41d2858	b1787f217be67339f0627a2cf0cf38587613bf9e	-	-
upstream-12.4.3	12.4.3	https://codeload.github.com/sysstat/sysstat/tar.gz/cef125fc4dc5f2e3c048e8128fbb3f54e50fe0c3	71d1607f7c814666e289aa304adb047f1d0c1002b91f5afc2258aa404dbd0b40	cef125fc4dc5f2e3c048e8128fbb3f54e50fe0c3	-	-
upstream-12.4.4	12.4.4	https://codeload.github.com/sysstat/sysstat/tar.gz/dc18b8f0706b8f87dd4bfb7fdf9a39087ec1c8af	adb73fefdf564fea76c1af203997aa6d6e221c200704a48f969c3a8b61857b2b	dc18b8f0706b8f87dd4bfb7fdf9a39087ec1c8af	-	-
upstream-12.4.5	12.4.5	https://codeload.github.com/sysstat/sysstat/tar.gz/0382f41ff5cdf8b76bc4428db083ce6de9faefe6	9250604f6ffdfa3cb58ba7184763e6cd7c86f7ef3c915669dcfa30d98524b3a1	0382f41ff5cdf8b76bc4428db083ce6de9faefe6	-	-
upstream-12.5.1	12.5.1	https://codeload.github.com/sysstat/sysstat/tar.gz/fc88a2858c9949ed68f9b2857baa535295ac2cb6	62c2740167d1421580f49a3fdf1f4ced9930bfda7d5413edb64e7a5b196b52db	fc88a2858c9949ed68f9b2857baa535295ac2cb6	-	-
upstream-12.5.2	12.5.2	https://codeload.github.com/sysstat/sysstat/tar.gz/7f80790723fce8a155168a57111ef919bb47b0df	c74e2f62f14c2210ba680afec87ab7d8f8a0caa45603c3af45a831be90317274	7f80790723fce8a155168a57111ef919bb47b0df	-	-
upstream-12.5.3	12.5.3	https://codeload.github.com/sysstat/sysstat/tar.gz/975c166446d84ec88f2159ad29941453cba0c508	ae2f351c96d027c08fa12d6f03e8bf69ab2b52239b8b775bca7d1c48af705d76	975c166446d84ec88f2159ad29941453cba0c508	-	-
upstream-12.5.4	12.5.4	https://codeload.github.com/sysstat/sysstat/tar.gz/3aa5e0d19bab0b00acd92fff4bcfb7f92e76c33e	7ae40a3e43663b12b11ed15974aa60b9c5c54f6b432dd7f92779e17404c253d7	3aa5e0d19bab0b00acd92fff4bcfb7f92e76c33e	-	-
upstream-12.5.5	12.5.5	https://codeload.github.com/sysstat/sysstat/tar.gz/385202af01c0323540c639a6f345b267c7e4e3f8	52daaef14573d6fb64d78e9aa23184e74f665513b900e304ab36753e7232f8b6	385202af01c0323540c639a6f345b267c7e4e3f8	-	-
upstream-12.5.6	12.5.6	https://codeload.github.com/sysstat/sysstat/tar.gz/6e3e3f443615b2b4381f37424f865079320509ce	f8e7d6d0d706179ca6cf7220d5170ebef1834ecdb6eba1872215655123cde1ef	6e3e3f443615b2b4381f37424f865079320509ce	-	-
upstream-12.6.0	12.6.0	https://codeload.github.com/sysstat/sysstat/tar.gz/ea5d6ce7567e1f39a45db01b87fcd5c34d985bab	3870fa09e492661fcf3422380144b395589d86a8f5566a0e689b6b4e6d824d70	ea5d6ce7567e1f39a45db01b87fcd5c34d985bab	-	-
upstream-12.6.1	12.6.1	https://codeload.github.com/sysstat/sysstat/tar.gz/93c8e59b4cbfc3c848a94784fa1a249ca7c426c0	6f158c79afe43c3de9b860e0d5e351d71e5d113f649476595e403443051fd68e	93c8e59b4cbfc3c848a94784fa1a249ca7c426c0	-	-
upstream-12.6.2	12.6.2	https://codeload.github.com/sysstat/sysstat/tar.gz/a073cef8b38cab0840930fc53f81440718efb010	5ecee9be00d649d3bf28462444373a71b72ce16b45fc0acf400f9bcf2033e29a	a073cef8b38cab0840930fc53f81440718efb010	-	-
upstream-12.7.1	12.7.1	https://codeload.github.com/sysstat/sysstat/tar.gz/076313903801533470fad5199443bc387cd66f10	dddc6274290d09794a3b95c9f2662484709d23effc4a0966e305b1b5262f62e9	076313903801533470fad5199443bc387cd66f10	-	-
upstream-12.7.2	12.7.2	https://codeload.github.com/sysstat/sysstat/tar.gz/ac1df71ca252c158e8d418ded93e5ed52f5e8765	f2bfafa0440d8b3dcbe31a084fc022798bfc4c6a35ff143188d193a2f97e41d4	ac1df71ca252c158e8d418ded93e5ed52f5e8765	-	-
upstream-12.7.3	12.7.3	https://codeload.github.com/sysstat/sysstat/tar.gz/be014b5ba1182fb8f6882f209dea5afc8afe9157	de89bbbca4b5fec0173088ad58e7444304f89ac11150d86197a541288004c188	be014b5ba1182fb8f6882f209dea5afc8afe9157	-	-
upstream-12.7.4	12.7.4	https://codeload.github.com/sysstat/sysstat/tar.gz/1df0d61306ae826c896a5cf6f665d58c671c0498	3ee47170fa89abb5cc9540d3180efbafd7c91e6e2b3be06ca490e1c35306ce87	1df0d61306ae826c896a5cf6f665d58c671c0498	-	-
upstream-12.7.5	12.7.5	https://codeload.github.com/sysstat/sysstat/tar.gz/2d7682f26f42cef9127b123e319349b330c4ab8f	06f5a79ac986235b48cf0d6d3739e29396f13539fb29cae29436434ededeb47b	2d7682f26f42cef9127b123e319349b330c4ab8f	-	-
upstream-12.7.6	12.7.6	https://codeload.github.com/sysstat/sysstat/tar.gz/3e3ec9b2c69940503723e3c2ffc1965a8a3484e3	c3f0f4bd6cf1419d232463ba2aaeeadd3c4f81254ab101daa38df876f1b1cda1	3e3ec9b2c69940503723e3c2ffc1965a8a3484e3	-	-
upstream-12.7.7	12.7.7	https://codeload.github.com/sysstat/sysstat/tar.gz/dac10e13c70d1102aa3beea10135a3ed60520c36	7ffd1ec35ff32984d48fa2ff2203ec8e45536d12a80619d0cf55ca28d9ca3ffc	dac10e13c70d1102aa3beea10135a3ed60520c36	-	-
upstream-12.7.8	12.7.8	https://codeload.github.com/sysstat/sysstat/tar.gz/5841596edf7f5e53288cb56400e0c0c1da5f2415	eb01258d4f3f6554ec82f7244944a123b4348b9cf0a23489374e3f24dd359f44	5841596edf7f5e53288cb56400e0c0c1da5f2415	-	-
upstream-12.7.9	12.7.9	https://codeload.github.com/sysstat/sysstat/tar.gz/b8f987807e7c7ba5c1b2ca8b7b1e9d80e61bce6c	5e8daaa6eea6e7828746ccb5a724737ab53a0fa11055098d7d19e74c146d15ff	b8f987807e7c7ba5c1b2ca8b7b1e9d80e61bce6c	-	-
upstream-12.8.0	12.8.0	https://codeload.github.com/sysstat/sysstat/tar.gz/ffabe8175aa9a7aa056380c66ed3648e50c1967d	dc3145effd15a24ceae54a2dea6399a0c96f1773bbed764ec7ed3a741fd0279d	ffabe8175aa9a7aa056380c66ed3648e50c1967d	-	-
